Country code,Year,Exports of goods and services (% of GDP),GDP growth (annual %),"Industry (including construction), value added (% of GDP)","Inflation, consumer prices (annual %)",Domestic credit to private sector (% of GDP),Population growth (annual %),Age dependency ratio,"Final consumption expenditure, etc. (annual % growth)",Tax revenue (% of GDP),Trade (% of GDP),"Central government debt, total (% of GDP)",Access to electricity,"Agriculture, forestry, and fishing, value added (% of GDP)","Services, value added (% of GDP)",Imports of goods and services (% of GDP),Current health expenditure (% of GDP),"Unemployment, total (% of total labor force)",Gross domestic savings (% of GDP),GDP per person employed (constant 2017 PPP $),GDP growth (annual %)_lag1,GDP per capita growth (annual %)_lag1,"Unemployment, total (% of total labor force)_lag1","Inflation, consumer prices (annual %)_lag1",Trade (% of GDP)_lag1,Tax revenue (% of GDP)_lag1,"Final consumption expenditure, etc. (annual % growth)_lag1",Population growth (annual %)_lag1,Gross domestic savings (% of GDP)_lag1,Exports of goods and services (% of GDP)_lag1,Imports of goods and services (% of GDP)_lag1,"Agriculture, forestry, and fishing, value added (% of GDP)_lag1","Industry (including construction), value added (% of GDP)_lag1","Services, value added (% of GDP)_lag1",GDP per person employed (constant 2017 PPP $)_lag1,"Central government debt, total (% of GDP)_lag1",Domestic credit to private sector (% of GDP)_lag1,Current health expenditure (% of GDP)_lag1,Access to electricity_lag1,Age dependency ratio_lag1,Predicted GDP growth (annual %)
RWA,1960.0,12.436972281619,3.864854283201481,23.724679970949456,33.42494014050671,16.79994944755106,2.5560475773268614,105.663265942886,1.6777543322319424,16.001962857381486,22.5210038613101,60.01940668881302,37.23555719137192,26.54586006597362,44.4839258970736,10.0840315796911,1.643961645089947,8.868163269079384,8.40341679258821,14654.102811698089,8.46801689759531,6.27161321467831,8.06700038909912,98.5461050920624,56.3126800581642,16.001962857381486,2.61883936758731,2.0457148779533,10.009698303337,25.4114462222573,30.9012338359069,8.84989924799123,28.8055863034811,56.6398700499375,4506.72402025972,60.01940668881302,16.79994944755106,1.643961645089947,37.23555719137192,79.393576926567,11.240245163885646
RWA,1961.0,11.475408331094,-4.29752604716886,23.724679970949456,33.42494014050671,16.79994944755106,2.67750780003869,107.77062853129,-6.68086980149116,16.001962857381486,21.3114726148888,60.01940668881302,37.23555719137192,26.54586006597362,44.4839258970736,9.83606428379485,1.643961645089947,8.868163269079384,8.19670876108738,14654.102811698089,3.864559552375946,1.2261268830177914,8.869907777299995,33.43057716761839,22.5210038613101,16.001962857381486,1.6777543322319424,2.555954183295845,8.40341679258821,12.436972281619,10.0840315796911,26.555796797080465,23.716444270458005,44.48140006362495,14658.2342302384,60.01940668881302,16.79994944755106,1.643961645089947,37.23555719137192,105.663265942886,1.6568689979368838
RWA,1962.0,9.27999940608004,11.3337983683922,23.724679970949456,33.42494014050671,16.79994944755106,2.44696001938284,109.660098204596,13.0616021035942,16.001962857381486,22.0799985868801,60.01940668881302,37.23555719137192,26.54586006597362,44.4839258970736,12.7999991808001,1.643961645089947,8.868163269079384,4.47998371328104,14654.102811698089,-4.29752604716886,-6.82596660307419,8.869907777299995,33.43057716761839,21.3114726148888,16.001962857381486,-6.68086980149116,2.67750780003869,8.19670876108738,11.475408331094,9.83606428379485,26.555796797080465,23.716444270458005,44.48140006362495,14658.2342302384,60.01940668881302,16.79994944755106,1.643961645089947,37.23555719137192,107.77062853129,2.4684858478297196
RWA,1963.0,5.9375,-9.8204444132636,23.724679970949456,33.42494014050671,16.79994944755106,2.19182647239121,111.296822911322,-8.65127657874926,16.001962857381486,18.5937515625,60.01940668881302,37.23555719137192,26.54586006597362,44.4839258970736,12.6562515625,1.643961645089947,8.868163269079384,1.09376875,14654.102811698089,11.3337983683922,8.64256580912721,8.869907777299995,33.43057716761839,22.0799985868801,16.001962857381486,13.0616021035942,2.44696001938284,4.47998371328104,9.27999940608004,12.7999991808001,26.555796797080465,23.716444270458005,44.48140006362495,14658.2342302384,60.01940668881302,16.79994944755106,1.643961645089947,37.23555719137192,109.660098204596,2.773256212158059
RWA,1964.0,12.0000005538462,-12.4649926826696,23.724679970949456,33.42494014050671,0.93846158177515,2.24113327435576,111.933555637089,-20.6616226155244,16.001962857381486,24.6153857514793,60.01940668881302,37.23555719137192,26.54586006597362,44.4839258970736,12.6153851976332,1.643961645089947,8.868163269079384,7.69229573964442,14654.102811698089,-9.8204444132636,-11.7755195884438,8.869907777299995,33.43057716761839,18.5937515625,16.001962857381486,-8.65127657874926,2.19182647239121,1.09376875,5.9375,12.6562515625,26.555796797080465,23.716444270458005,44.48140006362495,14658.2342302384,60.01940668881302,16.79994944755106,1.643961645089947,37.23555719137192,111.296822911322,-2.20993021099698
RWA,1965.0,12.0967758194591,7.00952925506131,6.85349285665227,33.42494014050671,1.10215068577294,2.57084686962757,111.236979955187,3.49436781427266,16.001962857381486,29.0322619667019,60.01940668881302,37.23555719137192,74.7917036010354,18.3548035423123,16.9354861472428,1.643961645089947,8.868163269079384,4.97312432434467,14654.102811698089,-12.4649926826696,-14.4049491558883,8.869907777299995,33.43057716761839,24.6153857514793,16.001962857381486,-20.6616226155244,2.24113327435576,7.69229573964442,12.0000005538462,12.6153851976332,26.555796797080465,23.716444270458005,44.48140006362495,14658.2342302384,60.01940668881302,0.93846158177515,1.643961645089947,37.23555719137192,111.933555637089,5.491043059093058
RWA,1966.0,11.2793686930404,7.00891082275245,6.77037323516641,33.42494014050671,1.98146126848947,2.80880785102243,109.855405388937,6.66483924700823,16.001962857381486,31.2775359101997,60.01940668881302,37.23555719137192,74.8669204173018,18.3627063475318,19.9981672171593,1.643961645089947,8.868163269079384,0.945302032424929,14654.102811698089,7.00952925506131,4.29353967576252,8.869907777299995,33.43057716761839,29.0322619667019,16.001962857381486,3.49436781427266,2.57084686962757,4.97312432434467,12.0967758194591,16.9354861472428,74.7917036010354,6.85349285665227,18.3548035423123,14658.2342302384,60.01940668881302,1.10215068577294,1.643961645089947,37.23555719137192,111.236979955187,5.07797600152897
RWA,1967.0,10.5120319051355,6.91601751004308,9.74680261066403,1.45292730022852,1.46778624705344,3.01560768660481,108.050185808237,5.96031920946906,16.001962857381486,25.9250415727579,60.01940668881302,37.23555719137192,65.8510862038133,24.4021111855227,15.4130096676224,1.643961645089947,8.868163269079384,2.40661792855902,14654.102811698089,7.00891082275245,4.04505549103922,8.869907777299995,33.43057716761839,31.2775359101997,16.001962857381486,6.66483924700823,2.80880785102243,0.945302032424929,11.2793686930404,19.9981672171593,74.8669204173018,6.77037323516641,18.3627063475318,14658.2342302384,60.01940668881302,1.98146126848947,1.643961645089947,37.23555719137192,109.855405388937,4.2300502423913855
RWA,1968.0,8.73983590408219,7.01378092758229,9.49477310739886,3.16193697269929,1.35830415534567,3.12164160228976,106.136163165684,5.62380768167256,16.001962857381486,23.8792077245892,60.01940668881302,37.23555719137192,65.2833828391354,25.2218440534658,15.139371820507,1.643961645089947,8.868163269079384,1.78861827993537,14654.102811698089,6.91601751004308,3.73997898299379,8.869907777299995,1.45292730022852,25.9250415727579,16.001962857381486,5.96031920946906,3.01560768660481,2.40661792855902,10.5120319051355,15.4130096676224,65.8510862038133,9.74680261066403,24.4021111855227,14658.2342302384,60.01940668881302,1.46778624705344,1.643961645089947,37.23555719137192,108.050185808237,5.13048521068146
RWA,1969.0,7.67885329031493,11.0073701490999,9.38632566351855,0.484939553317624,1.65818727422931,3.11505640418176,104.380913738538,9.68875330730599,16.001962857381486,22.0349707721573,60.01940668881302,37.23555719137192,65.7906574761297,24.8230168603518,14.3561174818424,1.643961645089947,8.868163269079384,-0.0529946901918202,14654.102811698089,7.01378092758229,3.72479645467847,8.869907777299995,3.16193697269929,23.8792077245892,16.001962857381486,5.62380768167256,3.12164160228976,1.78861827993537,8.73983590408219,15.139371820507,65.2833828391354,9.49477310739886,25.2218440534658,14658.2342302384,60.01940668881302,1.35830415534567,1.643961645089947,37.23555719137192,106.136163165684,5.930386031980063
RWA,1970.0,11.505228881167,6.00142524653637,8.59481559086451,0.514885808022425,2.40654836544206,3.08818394838363,102.854533783084,-0.345835277211108,16.001962857381486,26.7394262826896,60.01940668881302,37.23555719137192,61.6189164633311,29.7862679458044,15.2341974015226,1.643961645089947,8.868163269079384,3.31969704448303,14654.102811698089,11.0073701490999,7.60273146908767,8.869907777299995,0.484939553317624,22.0349707721573,16.001962857381486,9.68875330730599,3.11505640418176,-0.0529946901918202,7.67885329031493,14.3561174818424,65.7906574761297,9.38632566351855,24.8230168603518,14658.2342302384,60.01940668881302,1.65818727422931,1.643961645089947,37.23555719137192,104.380913738538,4.819849621359417
RWA,1971.0,10.2114266344836,1.20664070133185,8.68196146976089,0.488580074222889,2.9073324859619,3.00931354381668,101.56557776988,-2.60586177805114,16.001962857381486,27.0805232043279,60.01940668881302,37.23555719137192,61.1785885952063,30.1394499350328,16.8690965698443,1.643961645089947,8.868163269079384,2.47413904586845,14654.102811698089,6.00142524653637,2.77793606427721,8.869907777299995,0.514885808022425,26.7394262826896,16.001962857381486,-0.345835277211108,3.08818394838363,3.31969704448303,11.505228881167,15.2341974015226,61.6189164633311,8.59481559086451,29.7862679458044,14658.2342302384,60.01940668881302,2.40654836544206,1.643961645089947,37.23555719137192,102.854533783084,3.3961398841929302
RWA,1972.0,8.28193861786568,0.263068266744256,9.42731310757051,3.092193808935,2.03656394842516,2.94896268963442,100.416235561511,-7.72421480036644,16.001962857381486,24.5374453581479,60.01940668881302,37.23555719137192,59.559473464651,31.0132134277784,16.2555067402822,1.643961645089947,8.868163269079384,1.58589653166155,14654.102811698089,1.20664070133185,-1.79361448663403,8.869907777299995,0.488580074222889,27.0805232043279,16.001962857381486,-2.60586177805114,3.00931354381668,2.47413904586845,10.2114266344836,16.8690965698443,61.1785885952063,8.68196146976089,30.1394499350328,14658.2342302384,60.01940668881302,2.9073324859619,1.643961645089947,37.23555719137192,101.56557776988,1.1486141209899587
RWA,1973.0,11.5983615409165,3.43808814067263,8.72950855448805,9.37367407567743,3.66024605164943,2.95206833272967,99.3362142309604,-5.59286076570567,8.63114789471918,25.0409850426633,60.01940668881302,37.23555719137192,61.0245943042867,30.2458971412253,13.4426235017469,1.643961645089947,8.868163269079384,7.5819658845068,14654.102811698089,0.263068266744256,-2.65048132136042,8.869907777299995,3.092193808935,24.5374453581479,16.001962857381486,-7.72421480036644,2.94896268963442,1.58589653166155,8.28193861786568,16.2555067402822,59.559473464651,9.42731310757051,31.0132134277784,14658.2342302384,60.01940668881302,2.03656394842516,1.643961645089947,37.23555719137192,100.416235561511,2.7529587082587392
RWA,1974.0,12.1687577317595,1.40982357368431,9.20502043906797,31.0882993654484,6.19002757025658,2.93537515995271,98.3336581342741,1.07581524871132,10.1813104856358,33.5076757230992,60.01940668881302,37.23555719137192,59.1352828206791,31.659696740253,21.3389179913397,1.643961645089947,8.868163269079384,1.29009512081092,14654.102811698089,3.43808814067263,0.429156469355178,8.869907777299995,9.37367407567743,25.0409850426633,8.63114789471918,-5.59286076570567,2.95206833272967,7.5819658845068,11.5983615409165,13.4426235017469,61.0245943042867,8.72950855448805,30.2458971412253,14658.2342302384,60.01940668881302,3.66024605164943,1.643961645089947,37.23555719137192,99.3362142309604,2.6694669496259236
RWA,1975.0,9.17188159456711,-2.1138254244175,18.969111671931,30.2260465749064,3.14250515769842,2.9070836928786,97.4108750591806,-13.317014370283,7.52131880293373,26.8713283270003,60.01940668881302,37.23555719137192,49.2135672864845,31.8173210415844,17.6994467324332,1.643961645089947,8.868163269079384,5.21130406120573,14654.102811698089,1.40982357368431,-1.52367004350727,8.869907777299995,31.0882993654484,33.5076757230992,10.1813104856358,1.07581524871132,2.93537515995271,1.29009512081092,12.1687577317595,21.3389179913397,59.1352828206791,9.20502043906797,31.659696740253,14658.2342302384,60.01940668881302,6.19002757025658,1.643961645089947,37.23555719137192,98.3336581342741,1.3533653686886042
RWA,1976.0,14.5789534136094,19.5045771725013,18.8944573444233,7.16586151383181,3.41878142065112,2.89089391293466,96.6620972689387,14.0849058389217,9.90625535512987,33.9744607168494,60.01940668881302,37.23555719137192,49.2160996203425,31.8894430352342,19.3955073032401,1.643961645089947,8.868163269079384,9.00274118482638,14654.102811698089,-2.1138254244175,-4.91849389406266,8.869907777299995,30.2260465749064,26.8713283270003,7.52131880293373,-13.317014370283,2.9070836928786,5.21130406120573,9.17188159456711,17.6994467324332,49.2135672864845,18.969111671931,31.8173210415844,14658.2342302384,60.01940668881302,3.14250515769842,1.643961645089947,37.23555719137192,97.4108750591806,4.95718165705293
RWA,1977.0,14.2677661185406,1.99410948121862,21.2061991459556,13.6551465066428,5.52436160962511,2.86390960667022,96.2114279033803,2.01392382260528,10.901857372713,31.9279659041165,60.01940668881302,37.23555719137192,46.4609826307962,32.3328182232483,17.6601997855759,1.643961645089947,8.868163269079384,11.671077435213,14654.102811698089,19.5045771725013,16.0992854651666,8.869907777299995,7.16586151383181,33.9744607168494,9.90625535512987,14.0849058389217,2.89089391293466,9.00274118482638,14.5789534136094,19.3955073032401,49.2160996203425,18.8944573444233,31.8894430352342,14658.2342302384,60.01940668881302,3.41878142065112,1.643961645089947,37.23555719137192,96.6620972689387,8.158034773987058
RWA,1978.0,14.7809980024975,9.15084081573978,22.1221446962049,13.2705337973878,5.89660633426995,2.85847530507977,96.1222647914936,9.49689770879318,9.71992482034203,38.5811178238281,60.01940668881302,37.23555719137192,42.4182569128283,35.4595983909668,23.8001198213307,1.643961645089947,8.868163269079384,7.58790853986524,14654.102811698089,1.99410948121862,-0.885478404782617,8.869907777299995,13.6551465066428,31.9279659041165,10.901857372713,2.01392382260528,2.86390960667022,11.671077435213,14.2677661185406,17.6601997855759,46.4609826307962,21.2061991459556,32.3328182232483,14658.2342302384,60.01940668881302,5.52436160962511,1.643961645089947,37.23555719137192,96.2114279033803,3.909892576911705
RWA,1979.0,21.0460631338419,11.8699080380057,18.7376516845684,15.6733294423727,4.41800975598207,3.04977646065132,96.2597368441409,13.3030818480141,11.7021939827298,43.7974413276596,60.01940668881302,37.23555719137192,49.0381619048012,32.2241864106304,22.7513781938177,1.643961645089947,8.868163269079384,10.3254602877177,14654.102811698089,9.15084081573978,6.07496203916797,8.869907777299995,13.2705337973878,38.5811178238281,9.71992482034203,9.49689770879318,2.85847530507977,7.58790853986524,14.7809980024975,23.8001198213307,42.4182569128283,22.1221446962049,35.4595983909668,14658.2342302384,60.01940668881302,5.89660633426995,1.643961645089947,37.23555719137192,96.1222647914936,8.932444103783151
RWA,1980.0,14.4365215832448,8.95161232957626,21.5482921438959,7.24939299325276,5.74729143716008,3.35547032700799,96.488503199214,4.71290371533345,10.4676359309849,40.8185944654823,60.01940668881302,37.23555719137192,45.8468365435571,32.604871312547,26.3820728822375,1.643961645089947,8.868163269079384,4.19483268522949,14654.102811698089,11.8699080380057,8.50962689730521,8.869907777299995,15.6733294423727,43.7974413276596,11.7021939827298,13.3030818480141,3.04977646065132,10.3254602877177,21.0460631338419,22.7513781938177,49.0381619048012,18.7376516845684,32.2241864106304,14658.2342302384,60.01940668881302,4.41800975598207,1.643961645089947,37.23555719137192,96.2597368441409,6.01878653008626
RWA,1981.0,9.82550554326081,5.43619947874032,20.7925640149426,6.45066447181186,6.09254734256806,3.63825218024574,96.7923235340384,-1.9685767424608,16.001962857381486,31.5802354173209,60.01940668881302,37.23555719137192,40.7371183197743,38.4703176652831,21.7547298740601,1.643961645089947,8.868163269079384,1.36986220947376,14654.102811698089,8.95161232957626,5.35642829110546,8.869907777299995,7.24939299325276,40.8185944654823,10.4676359309849,4.71290371533345,3.35547032700799,4.19483268522949,14.4365215832448,26.3820728822375,45.8468365435571,21.5482921438959,32.604871312547,14658.2342302384,60.01940668881302,5.74729143716008,1.643961645089947,37.23555719137192,96.488503199214,2.836388200865239
RWA,1982.0,11.5525587504753,1.81084644724577,21.7342971626519,12.5651365334135,6.12921699619022,3.80282951759302,97.2171412044588,-6.40280742379863,16.001962857381486,35.7030495764268,60.01940668881302,37.23555719137192,39.7837488051255,38.4819540322226,24.1504908259515,1.643961645089947,8.868163269079384,5.18028833276296,14654.102811698089,5.43619947874032,1.66910831913928,8.869907777299995,6.45066447181186,31.5802354173209,16.001962857381486,-1.9685767424608,3.63825218024574,1.36986220947376,9.82550554326081,21.7547298740601,40.7371183197743,20.7925640149426,38.4703176652831,14658.2342302384,60.01940668881302,6.09254734256806,1.643961645089947,37.23555719137192,96.7923235340384,3.624606195883974
RWA,1983.0,11.581767489546,5.98034993446093,24.0838595993023,6.59300214307081,5.87126981384245,3.5877838789899,98.0956515212677,10.705013416908,16.001962857381486,32.3407573683329,60.01940668881302,37.23555719137192,38.2026738568561,37.7134665438416,20.7589898787869,1.643961645089947,8.868163269079384,4.35336501283908,14654.102811698089,1.81084644724577,-1.98815390381358,8.869907777299995,12.5651365334135,35.7030495764268,16.001962857381486,-6.40280742379863,3.80282951759302,5.18028833276296,11.5525587504753,24.1504908259515,39.7837488051255,21.7342971626519,38.4819540322226,14658.2342302384,60.01940668881302,6.12921699619022,1.643961645089947,37.23555719137192,97.2171412044588,4.990698149557112
RWA,1984.0,12.6314336340541,-4.24077327759184,23.2381802163247,5.36957038827378,6.45367053751522,3.3123358772293,99.3457532049963,-16.2476620492389,16.001962857381486,32.2956929713099,60.01940668881302,37.23555719137192,40.8375264342653,35.92429334941,19.6642593372558,1.643961645089947,8.868163269079384,8.77374991766911,14654.102811698089,5.98034993446093,2.24540552379705,8.869907777299995,6.59300214307081,32.3407573683329,16.001962857381486,10.705013416908,3.5877838789899,4.35336501283908,11.581767489546,20.7589898787869,38.2026738568561,24.0838595993023,37.7134665438416,14658.2342302384,60.01940668881302,5.87126981384245,1.643961645089947,37.23555719137192,98.0956515212677,2.5413250197348014
RWA,1985.0,10.7825066937405,4.40274833265997,22.6858091005773,1.75933005651685,7.71879825547859,3.40883127197502,100.283034425628,-5.53672556060752,16.001962857381486,30.6698953489646,60.01940668881302,37.23555719137192,41.8358362850547,35.4783546143681,19.887388655224,1.643961645089947,8.868163269079384,8.20446624610237,14654.102811698089,-4.24077327759184,-7.36068428678723,8.869907777299995,5.36957038827378,32.2956929713099,16.001962857381486,-16.2476620492389,3.3123358772293,8.77374991766911,12.6314336340541,19.6642593372558,40.8375264342653,23.2381802163247,35.92429334941,14658.2342302384,60.01940668881302,6.45367053751522,1.643961645089947,37.23555719137192,99.3457532049963,0.25581263454242453
RWA,1986.0,12.5843179155455,5.47213748769626,23.0839099816418,-1.11706657280671,7.88909211821032,3.62060755685165,100.716584144271,8.58299251550704,16.001962857381486,32.7388347274364,60.01940668881302,37.23555719137192,37.5263462064362,39.389743811922,20.1545168118909,1.643961645089947,8.868163269079384,8.30461459563844,14654.102811698089,4.40274833265997,0.903810060797554,8.869907777299995,1.75933005651685,30.6698953489646,16.001962857381486,-5.53672556060752,3.40883127197502,8.20446624610237,10.7825066937405,19.887388655224,41.8358362850547,22.6858091005773,35.4783546143681,14658.2342302384,60.01940668881302,7.71879825547859,1.643961645089947,37.23555719137192,100.283034425628,4.428714502284962
RWA,1987.0,7.45005252465942,-0.024036108851206,17.8314302696362,4.13301490809113,7.92132101758273,3.59766169671716,101.067601742312,-8.4095020859495,16.001962857381486,26.5912811811067,60.01940668881302,37.23555719137192,37.7091067007185,44.4594630296453,19.1412286564473,1.643961645089947,8.868163269079384,3.97343246936547,14654.102811698089,5.47213748769626,1.72170914131844,8.869907777299995,-1.11706657280671,32.7388347274364,16.001962857381486,8.58299251550704,3.62060755685165,8.30461459563844,12.5843179155455,20.1545168118909,37.5263462064362,23.0839099816418,39.389743811922,14658.2342302384,60.01940668881302,7.88909211821032,1.643961645089947,37.23555719137192,100.716584144271,1.2595235212169515
RWA,1988.0,6.61955980927653,4.49882499325524,17.1368429327225,2.97864355658041,9.00600679471533,3.18725478939529,101.872889892677,6.97450245798865,16.001962857381486,24.2228475694954,60.01940668881302,37.23555719137192,39.2207718336487,43.6423852336288,17.6032877602188,1.643961645089947,8.868163269079384,3.50871063983792,14654.102811698089,-0.024036108851206,-3.55690174501724,8.869907777299995,4.13301490809113,26.5912811811067,16.001962857381486,-8.4095020859495,3.59766169671716,3.97343246936547,7.45005252465942,19.1412286564473,37.7091067007185,17.8314302696362,44.4594630296453,14658.2342302384,60.01940668881302,7.92132101758273,1.643961645089947,37.23555719137192,101.067601742312,3.7015360648888236
RWA,1989.0,6.13928895137563,-0.0365342731906679,17.4201505886413,1.01027824831115,9.22156594262744,2.66757702027772,103.152487517682,-2.06952400570529,10.8269292690858,23.4277730301004,60.01940668881302,37.23555719137192,40.3089108332282,42.2709385781304,17.2884840787248,1.643961645089947,8.868163269079384,2.27682099872961,14654.102811698089,4.49882499325524,1.22069979479269,8.869907777299995,2.97864355658041,24.2228475694954,16.001962857381486,6.97450245798865,3.18725478939529,3.50871063983792,6.61955980927653,17.6032877602188,39.2207718336487,17.1368429327225,43.6423852336288,14658.2342302384,60.01940668881302,9.00600679471533,1.643961645089947,37.23555719137192,101.872889892677,3.7780113491682896
RWA,1990.0,5.61460915538142,-2.39929109757911,24.6241717549968,4.18576372649945,6.92065555471606,2.4615927974137,104.233742825974,-3.59912376918435,8.78380627032784,19.6841588743296,49.7969202729087,37.23555719137192,32.5459939303571,42.8298343146461,14.0695497189482,1.643961645089947,8.868163269079384,6.19503590613877,14654.102811698089,-0.0365342731906679,-2.6678840363198,8.869907777299995,1.01027824831115,23.4277730301004,10.8269292690858,-2.06952400570529,2.66757702027772,2.27682099872961,6.13928895137563,17.2884840787248,40.3089108332282,17.4201505886413,42.2709385781304,14658.2342302384,60.01940668881302,9.22156594262744,1.643961645089947,37.23555719137192,103.152487517682,2.3285693706636637
RWA,1991.0,7.31660444266046,-2.51437965273244,20.9400496617364,19.6371658148374,5.11970028407879,2.23868589939967,104.472891710246,8.77753040985583,9.26006396078645,25.3719737830637,47.8601030997282,37.23555719137192,32.1327069429186,46.927243395345,18.0553693404033,1.643961645089947,11.9680004119873,3.28298423487778,2002.91098560006,-2.39929109757911,-4.77249398799357,8.869907777299995,4.18576372649945,19.6841588743296,8.78380627032784,-3.59912376918435,2.4615927974137,6.19503590613877,5.61460915538142,14.0695497189482,32.5459939303571,24.6241717549968,42.8298343146461,14658.2342302384,49.7969202729087,6.92065555471606,1.643961645089947,37.23555719137192,104.233742825974,-5.411934166997749
RWA,1992.0,5.56840818985812,5.87272523759054,18.7034381651184,9.56041187600808,5.6751606061602,2.26554307510296,104.011784775973,-1.02167299346195,9.04825873562898,23.8314470330714,48.4289742567034,2.3,33.2376150704715,48.05894676441,18.2630388432133,1.643961645089947,11.8570003509521,2.93946351246081,2073.20122290892,-2.51437965273244,-4.67252926107521,11.9680004119873,19.6371658148374,25.3719737830637,9.26006396078645,8.77753040985583,2.23868589939967,3.28298423487778,7.31660444266046,18.0553693404033,32.1327069429186,20.9400496617364,46.927243395345,2002.91098560006,47.8601030997282,5.11970028407879,1.643961645089947,37.23555719137192,104.472891710246,1.971387221901128
RWA,1993.0,5.17524597892374,-8.10869187693962,18.334828557838,12.3543887630448,6.32914518379824,3.18151530970022,103.190830330997,-7.83500507399108,16.001962857381486,25.6790070069858,60.01940668881302,37.23555719137192,33.7348925923438,47.9302788498182,20.5037610280621,1.643961645089947,11.9709997177124,1.41850259131074,1844.90072291302,5.87272523759054,3.50109958215215,11.8570003509521,9.56041187600808,23.8314470330714,9.04825873562898,-1.02167299346195,2.26554307510296,2.93946351246081,5.56840818985812,18.2630388432133,33.2376150704715,18.7034381651184,48.05894676441,2073.20122290892,48.4289742567034,5.6751606061602,1.643961645089947,2.3,104.011784775973,1.1986793085170888
RWA,1994.0,6.30258595021786,-50.2480671045177,21.1700845491247,33.42494014050671,9.88227976584186,-16.0491526157981,107.561144642757,-7.9226865162744,16.001962857381486,71.0956283073375,60.01940668881302,37.23555719137192,49.7587461119534,29.0711693389219,64.7930423571196,1.643961645089947,12.0240001678467,-48.5079455804468,1107.50788867026,-8.10869187693962,-10.9862108443335,11.9709997177124,12.3543887630448,25.6790070069858,16.001962857381486,-7.83500507399108,3.18151530970022,1.41850259131074,5.17524597892374,20.5037610280621,33.7348925923438,18.334828557838,47.9302788498182,1844.90072291302,60.01940668881302,6.32914518379824,1.643961645089947,37.23555719137192,103.190830330997,-8.6811536211124
RWA,1995.0,5.15079191273105,35.2240783052636,15.9711867322468,33.42494014050671,8.41488265126011,-16.8806296708643,113.295121803938,20.2830032648778,16.001962857381486,30.9721731494864,60.01940668881302,37.23555719137192,44.000449460129,40.0283638076243,25.8213812367554,1.643961645089947,11.8240003585815,-7.26146355805231,1834.40428481729,-50.2480671045177,-41.5868613637788,12.0240001678467,33.43057716761839,71.0956283073375,16.001962857381486,-7.9226865162744,-16.0491526157981,-48.5079455804468,6.30258595021786,64.7930423571196,49.7587461119534,21.1700845491247,29.0711693389219,1107.50788867026,60.01940668881302,9.88227976584186,1.643961645089947,37.23555719137192,107.561144642757,-9.420829957395627
RWA,1996.0,6.0313700208094,12.7456957629035,18.0858143118481,7.41137173526642,6.80643599035943,16.6255019779963,109.573650716772,-8.68589082445496,16.001962857381486,32.2300658207659,60.01940668881302,37.23555719137192,47.1892922193967,34.7248934687552,26.1986957999565,1.643961645089947,11.8540000915527,-5.79690037276925,1723.00404257564,35.2240783052636,60.0905413203559,11.8240003585815,33.43057716761839,30.9721731494864,16.001962857381486,20.2830032648778,-16.8806296708643,-7.26146355805231,5.15079191273105,25.8213812367554,44.000449460129,15.9711867322468,40.0283638076243,1834.40428481729,60.01940668881302,8.41488265126011,1.643961645089947,37.23555719137192,113.295121803938,4.4599614405384775
RWA,1997.0,7.79733936179779,13.8497524864152,18.6100661259461,12.0154225195686,8.09027398245172,13.2470672505578,105.853980085142,-3.7696039840372,16.001962857381486,33.4674605100182,60.01940668881302,1.02783596515656,45.9609522618159,35.428981612238,25.6701211482204,1.643961645089947,11.8489999771118,-4.06299939481068,1692.54528510831,12.7456957629035,-4.52353447512273,11.8540000915527,7.41137173526642,32.2300658207659,16.001962857381486,-8.68589082445496,16.6255019779963,-5.79690037276925,6.0313700208094,26.1986957999565,47.1892922193967,18.0858143118481,34.7248934687552,1723.00404257564,60.01940668881302,6.80643599035943,1.643961645089947,37.23555719137192,109.573650716772,11.894589540386555
RWA,1998.0,5.5850635761597,8.85866949071041,18.7027196430495,6.21006709455811,8.75921422164865,3.18243918155598,101.706053568293,10.2068412646513,16.001962857381486,28.7944635910011,60.01940668881302,2.17412757873535,45.5174611772785,35.779819179672,23.2094000148414,1.643961645089947,11.9230003356934,-2.81667069752386,1750.91405844454,13.8497524864152,-0.275743130182931,11.8489999771118,12.0154225195686,33.4674605100182,16.001962857381486,-3.7696039840372,13.2470672505578,-4.06299939481068,7.79733936179779,25.6701211482204,45.9609522618159,18.6100661259461,35.428981612238,1692.54528510831,60.01940668881302,8.09027398245172,1.643961645089947,1.02783596515656,105.853980085142,9.966458680803264
RWA,1999.0,5.41631186265508,4.35188832563938,18.3359471912719,-2.4059320974226,8.3691040602544,1.19243584222433,97.7009723883185,14.7247580305742,16.001962857381486,27.3511872101083,60.01940668881302,3.31557703018188,31.5660505000132,41.8669196714457,21.9348753474533,1.643961645089947,11.9910001754761,-4.53644421786379,1768.36357887705,8.85866949071041,5.4488539741016,11.9230003356934,6.21006709455811,28.7944635910011,16.001962857381486,10.2068412646513,3.18243918155598,-2.81667069752386,5.5850635761597,23.2094000148414,45.5174611772785,18.7027196430495,35.779819179672,1750.91405844454,60.01940668881302,8.75921422164865,1.643961645089947,2.17412757873535,101.706053568293,4.4883558979882725
RWA,2000.0,5.38047579331983,8.37091824035809,16.7886681361452,3.89952980284716,8.73756404146312,1.24573125745531,94.1213233586912,10.4464723103873,16.001962857381486,27.5015886254418,60.01940668881302,6.19999980926514,31.2039546844593,44.3402736407324,22.121112832122,0.77055204,11.9359998703003,-4.44120100083403,1856.40499854733,4.35188832563938,3.11494852070152,11.9910001754761,-2.4059320974226,27.3511872101083,16.001962857381486,14.7247580305742,1.19243584222433,-4.53644421786379,5.41631186265508,21.9348753474533,31.5660505000132,18.3359471912719,41.8669196714457,1768.36357887705,60.01940668881302,8.3691040602544,1.643961645089947,3.31557703018188,97.7009723883185,3.426638435213185
RWA,2001.0,7.27310523359913,8.48451945289706,16.4110297335136,3.34285506749407,9.08389906523594,1.39530227863448,91.1320052227016,2.949224054307,16.001962857381486,29.2153104222919,60.01940668881302,4.57231616973877,31.8118389665339,43.4343132717201,21.9422051886928,0.8194021,11.9399995803833,-1.87664881515009,1953.03062471025,8.37091824035809,7.02928178028787,11.9359998703003,3.89952980284716,27.5015886254418,16.001962857381486,10.4464723103873,1.24573125745531,-4.44120100083403,5.38047579331983,22.121112832122,31.2039546844593,16.7886681361452,44.3402736407324,1856.40499854733,60.01940668881302,8.73756404146312,0.77055204,6.19999980926514,94.1213233586912,3.927997715862615
RWA,2002.0,6.18438929650872,13.1920780970496,16.3648685831996,1.99258542453994,9.42996831949876,1.78798197593577,88.8741350445988,11.6000570214869,16.001962857381486,27.6259538143473,60.01940668881302,5.93285799026489,30.2126415799352,44.4007738650319,21.4415645178386,0.88916981,11.878999710083,-2.63261860380958,2144.25152369723,8.48451945289706,6.98134379043832,11.9399995803833,3.34285506749407,29.2153104222919,16.001962857381486,2.949224054307,1.39530227863448,-1.87664881515009,7.27310523359913,21.9422051886928,31.8118389665339,16.4110297335136,43.4343132717201,1953.03062471025,60.01940668881302,9.08389906523594,0.8194021,4.57231616973877,91.1320052227016,4.600346069836579
RWA,2003.0,7.78058105239706,2.20240272039038,14.2681843222201,7.44970014007364,8.93408833186981,2.31040451162765,87.03394009539,-6.66324125173141,16.001962857381486,29.3254532210438,60.01940668881302,7.2881646156311,33.0520872405363,43.6802305898858,21.5448721686467,2.66805673,12.0310001373291,-0.587701350590443,2123.30312603136,13.1920780970496,11.1862098611217,11.878999710083,1.99258542453994,27.6259538143473,16.001962857381486,11.6000570214869,1.78798197593577,-2.63261860380958,6.18438929650872,21.4415645178386,30.2126415799352,16.3648685831996,44.4007738650319,2144.25152369723,60.01940668881302,9.42996831949876,0.88916981,5.93285799026489,88.8741350445988,4.001561541880864
RWA,2004.0,10.3984299304711,7.44767967642932,14.5690729255595,12.2507102894392,9.83588469145757,2.57920977781251,85.5413161329099,4.01740178634888,16.001962857381486,33.4774167632043,60.01940668881302,8.64058494567871,33.9112709499956,42.4526795654022,23.0789868327332,2.19401336,11.9440002441406,1.68445655953849,2209.7714662627,2.20240272039038,-0.131817407119357,12.0310001373291,7.44970014007364,29.3254532210438,16.001962857381486,-6.66324125173141,2.31040451162765,-0.587701350590443,7.78058105239706,21.5448721686467,33.0520872405363,14.2681843222201,43.6802305898858,2123.30312603136,60.01940668881302,8.93408833186981,2.66805673,7.2881646156311,87.03394009539,3.7337824067024723
RWA,2005.0,10.6933557331729,9.37789942475413,14.9305568292,9.01408918092335,10.3160987231358,2.63169301631945,84.6035776648932,5.87751098467552,16.001962857381486,34.2337897667458,60.01940668881302,4.80000019073486,33.792640087643,42.5360359864672,23.5404340335729,1.83512509,11.9069995880127,2.30888302808661,2346.0665624628,7.44767967642932,4.71181216135086,11.9440002441406,12.2507102894392,33.4774167632043,16.001962857381486,4.01740178634888,2.57920977781251,1.68445655953849,10.3984299304711,23.0789868327332,33.9112709499956,14.5690729255595,42.4526795654022,2209.7714662627,60.01940668881302,9.83588469145757,2.19401336,8.64058494567871,85.5413161329099,5.093965277315247
RWA,2006.0,10.8889051552631,9.22704757865398,15.8166514988796,8.88282654777925,11.7748278465275,2.66480719140037,84.0974513907797,7.3092597354421,16.001962857381486,33.2382114611659,60.01940668881302,11.3462257385254,30.0404668546525,45.2023178854976,22.3493063059028,1.47802389,11.9010000228882,3.57122177344024,2491.82774949937,9.37789942475413,6.53695531149843,11.9069995880127,9.01408918092335,34.2337897667458,16.001962857381486,5.87751098467552,2.63169301631945,2.30888302808661,10.6933557331729,23.5404340335729,33.792640087643,14.9305568292,42.5360359864672,2346.0665624628,60.01940668881302,10.3160987231358,1.83512509,4.80000019073486,84.6035776648932,4.95546533706042
RWA,2007.0,13.6754787123124,7.63331106131572,16.7149783204263,9.08072205873161,12.0401949363994,2.6937067262308,83.8461487971157,-0.195531726836933,16.001962857381486,35.9911484062098,60.01940668881302,12.7045030593872,26.0824956317277,48.1953462619813,22.3156696938974,1.74080563,11.9160003662109,8.1580182065276,2610.53463012823,9.22704757865398,6.35479729401678,11.9010000228882,8.88282654777925,33.2382114611659,16.001962857381486,7.3092597354421,2.66480719140037,3.57122177344024,10.8889051552631,22.3493063059028,30.0404668546525,15.8166514988796,45.2023178854976,2491.82774949937,60.01940668881302,11.7748278465275,1.47802389,11.3462257385254,84.0974513907797,4.217295607966279
RWA,2008.0,11.2784785893566,11.161243240151,16.2492644362986,15.4382138709255,13.3710546526832,2.68159866469225,83.6424486445804,4.96716109634588,16.001962857381486,37.6235623394211,60.01940668881302,6.0,24.7923997284507,49.3076694304317,26.3450837500645,1.80745983,11.8570003509521,6.28738306038298,2824.87564991884,7.63331106131572,4.77268670855399,11.9160003662109,9.08072205873161,35.9911484062098,16.001962857381486,-0.195531726836933,2.6937067262308,8.1580182065276,13.6754787123124,22.3156696938974,26.0824956317277,16.7149783204263,48.1953462619813,2610.53463012823,60.01940668881302,12.0401949363994,1.74080563,12.7045030593872,83.8461487971157,4.434242707857946
RWA,2009.0,10.3727513605083,6.24825992909668,15.674576334291,12.9443978401711,11.1659597153326,2.64057029628242,83.298956278299,7.05066622501145,16.001962857381486,36.8243532543608,60.01940668881302,15.4454612731934,25.3697728245828,49.507300515659,26.4516018938524,1.87467706,11.9200000762939,4.94557966652808,2921.24889039775,11.161243240151,8.2199578148286,11.8570003509521,15.4382138709255,37.6235623394211,16.001962857381486,4.96716109634588,2.68159866469225,6.28738306038298,11.2784785893566,26.3450837500645,24.7923997284507,16.2492644362986,49.3076694304317,2824.87564991884,60.01940668881302,13.3710546526832,1.80745983,6.0,83.6424486445804,6.035768108075798
RWA,2010.0,10.7484396942784,7.33465610774428,16.3149191251923,-0.246128693436925,11.4973619284564,2.6071051025344,82.7720203809072,2.84032744370639,16.001962857381486,37.2985553497777,60.01940668881302,9.69999980926514,24.326650237432,49.8761364199826,26.5501156554993,2.03125215,11.8950004577637,4.74023665605592,3049.29596684699,6.24825992909668,3.4794174353016,11.9200000762939,12.9443978401711,36.8243532543608,16.001962857381486,7.05066622501145,2.64057029628242,4.94557966652808,10.3727513605083,26.4516018938524,25.3697728245828,15.674576334291,49.507300515659,2921.24889039775,60.01940668881302,11.1659597153326,1.87467706,15.4454612731934,83.298956278299,4.346886640428798
RWA,2011.0,12.6653831806198,7.95838571877225,18.153169607767,3.0801706924026,13.2728446762035,2.56550960901795,82.1625136898313,6.22228934948393,16.001962857381486,39.7365053013396,60.01940668881302,10.8000001907349,23.8488265495213,47.8955016743175,27.0711221207198,2.1889236,11.8769998550415,6.50491643905487,3201.09752589844,7.33465610774428,4.57249153015715,11.8950004577637,-0.246128693436925,37.2985553497777,16.001962857381486,2.84032744370639,2.6071051025344,4.74023665605592,10.7484396942784,26.5501156554993,24.326650237432,16.3149191251923,49.8761364199826,3049.29596684699,60.01940668881302,11.4973619284564,2.03125215,9.69999980926514,82.7720203809072,5.656291383919296
RWA,2012.0,12.0006936509659,8.64152062474403,18.211082670003,10.2710182318876,15.7599411478062,2.45984040638473,81.463353064912,3.97684555270284,16.001962857381486,40.5625381667613,60.01940668881302,17.5,24.778042329731,48.8464967434577,28.5618445157955,2.04620838,11.8579998016357,6.75384114541775,3388.2723088436,7.95838571877225,5.22392931000979,11.8769998550415,3.0801706924026,39.7365053013396,16.001962857381486,6.22228934948393,2.56550960901795,6.50491643905487,12.6653831806198,27.0711221207198,23.8488265495213,18.153169607767,47.8955016743175,3201.09752589844,60.01940668881302,13.2728446762035,2.1889236,10.8000001907349,82.1625136898313,4.631399365134783
RWA,2013.0,13.4994205684069,4.71983686440238,17.605223174652,5.92426867984847,16.2247544896475,2.3792915199656,80.6870513280835,1.71381452972525,16.001962857381486,42.7152775840403,60.01940668881302,15.1999998092651,24.9324161357601,49.7964520227277,29.2158570156335,2.16332793,11.9060001373291,8.72546616196661,3462.86924785594,8.64152062474403,6.00171323360657,11.8579998016357,10.2710182318876,40.5625381667613,16.001962857381486,3.97684555270284,2.45984040638473,6.75384114541775,12.0006936509659,28.5618445157955,24.778042329731,18.211082670003,48.8464967434577,3388.2723088436,60.01940668881302,15.7599411478062,2.04620838,17.5,81.463353064912,4.754802925875329
RWA,2014.0,13.8757441883598,6.16716772132257,17.5398636905479,2.35449052820364,17.6393965048917,2.3775340228914,79.9015169965232,3.92958838359662,12.9542390635109,43.9251435082183,60.01940668881302,19.7999992370605,24.7003361203677,49.2164813398834,30.0493993198585,2.18464565,11.8760004043579,7.06559213966977,3585.51207401723,4.71983686440238,2.25765407230962,11.9060001373291,5.92426867984847,42.7152775840403,16.001962857381486,1.71381452972525,2.3792915199656,8.72546616196661,13.4994205684069,29.2158570156335,24.9324161357601,17.605223174652,49.7964520227277,3462.86924785594,60.01940668881302,16.2247544896475,2.16332793,15.1999998092651,80.6870513280835,4.092418163540962
RWA,2015.0,13.2385105577559,8.8568613246897,17.4347388488426,2.52850284192422,21.0103677372536,2.38595568459796,79.0533744825843,9.37854230315638,13.3006431057458,45.2249297117527,60.01940668881302,22.7999992370605,23.9926164601793,49.7388642967914,31.9864191539968,2.09518266,11.8280000686646,5.50367184209623,3796.20424682753,6.16716772132257,3.67277717809615,11.8760004043579,2.35449052820364,43.9251435082183,12.9542390635109,3.92958838359662,2.3775340228914,7.06559213966977,13.8757441883598,30.0493993198585,24.7003361203677,17.5398636905479,49.2164813398834,3585.51207401723,60.01940668881302,17.6393965048917,2.18464565,19.7999992370605,79.9015169965232,5.079316298598334
RWA,2016.0,15.4296017177667,5.97074429808526,16.8231605603525,7.17434301982013,20.4855243502887,2.44299698959529,78.0441274413375,1.68425624649969,14.4234380857503,49.509924645278,60.01940668881302,29.3700008392334,25.1648407381159,49.2855135271497,34.0803229275113,2.22266674,11.8599996566772,7.48231450675959,3906.88867573151,8.8568613246897,6.2903248206517,11.8280000686646,2.52850284192422,45.2249297117527,13.3006431057458,9.37854230315638,2.38595568459796,5.50367184209623,13.2385105577559,31.9864191539968,23.9926164601793,17.4347388488426,49.7388642967914,3796.20424682753,60.01940668881302,21.0103677372536,2.09518266,22.7999992370605,79.0533744825843,5.460340555103319
RWA,2017.0,20.5283852817577,3.97628969448469,17.2842286834531,8.27953672260826,20.5944116818783,2.47880785239257,76.9619186481005,-3.06302065152573,13.4513717050534,53.6752716384763,60.01940668881302,34.0999984741211,26.3454555710159,47.8764877699327,33.1468863567186,2.22885251,11.8800001144409,11.2165161600232,3940.13539916778,5.97074429808526,3.41324916605952,11.8599996566772,7.17434301982013,49.509924645278,14.4234380857503,1.68425624649969,2.44299698959529,7.48231450675959,15.4296017177667,34.0803229275113,25.1648407381159,16.8231605603525,49.2855135271497,3906.88867573151,60.01940668881302,20.4855243502887,2.22266674,29.3700008392334,78.0441274413375,4.359090524041512
RWA,2018.0,21.0980867012355,8.57943753725192,17.35451898232,-0.311210160390642,21.3898179639567,2.43503841544025,75.9282597028407,8.5665318541129,14.2430075727189,55.7578896987393,60.01940668881302,36.9681510925293,24.611871167218,49.6997245106071,34.6598029975038,2.34513021,12.1000003814697,7.84440208781312,4150.25838152232,3.97628969448469,1.43059899972009,11.8800001144409,8.27953672260826,53.6752716384763,13.4513717050534,-3.06302065152573,2.47880785239257,11.2165161600232,20.5283852817577,33.1468863567186,26.3454555710159,17.2842286834531,47.8764877699327,3940.13539916778,60.01940668881302,20.5944116818783,2.22885251,34.0999984741211,76.9619186481005,4.014592578562894
RWA,2019.0,21.8106396758073,9.46059756132011,18.864151133008,3.3478765503764,21.4459861016165,2.39079436618151,74.8599965068948,3.01236083998484,14.5954475699839,57.9363274600042,60.01940668881302,40.3686065673828,23.5457970222788,49.1197414463954,36.1256877841968,2.56083989,12.4300003051758,9.172921788007,4407.99277231614,8.57943753725192,5.9674174316999,12.1000003814697,-0.311210160390642,55.7578896987393,14.2430075727189,8.5665318541129,2.43503841544025,7.84440208781312,21.0980867012355,34.6598029975038,24.611871167218,17.35451898232,49.6997245106071,4150.25838152232,60.01940668881302,21.3898179639567,2.34513021,36.9681510925293,75.9282597028407,5.513462684011628
RWA,2020.0,19.3070459698362,-3.35885331963946,18.6440794410633,9.85039902274209,25.0265744278557,2.3967070500013,73.6984732501675,-7.24360534044875,15.0597292540353,55.1339907724519,60.01940668881302,46.5999984741211,26.6308748641178,46.6056861124288,35.8269448026158,1.643961645089947,13.0100002288818,8.62298888407626,4210.48132307091,9.46059756132011,6.87465521724859,12.4300003051758,3.3478765503764,57.9363274600042,14.5954475699839,3.01236083998484,2.39079436618151,9.172921788007,21.8106396758073,36.1256877841968,23.5457970222788,18.864151133008,49.1197414463954,4407.99277231614,60.01940668881302,21.4459861016165,2.56083989,40.3686065673828,74.8599965068948,3.2557484499241705
RWA,2021.0,19.0641466996588,10.88451916081,20.3411708367792,-0.391346748300792,16.79994944755106,2.3717515483557,72.5116726992432,6.30975097942444,16.001962857381486,53.8522475681463,60.01940668881302,37.23555719137192,24.062095884582,47.761093794843,34.7881008684875,1.643961645089947,13.3149995803833,10.5598291148858,4520.76657697133,-3.35885331963946,-5.64752259259753,13.0100002288818,9.85039902274209,55.1339907724519,15.0597292540353,-7.24360534044875,2.3967070500013,8.62298888407626,19.3070459698362,35.8269448026158,26.6308748641178,18.6440794410633,46.6056861124288,4210.48132307091,60.01940668881302,25.0265744278557,1.643961645089947,46.5999984741211,73.6984732501675,2.9330376646241696
